username,id,password,zipCode,prefectureCode
羽田野 莉那,GWHzCQxUQw@sample.org,TIItGX2l,476-0740,37
大畑 喜久男,vPxd0buxKt@example.co.jp,LeAHQ4IN,245-0888,31
新谷 順一,gN7wN@test.jp,k454e1rK,686-6284,30
箕輪 絢香,vMVl92@sample.jp,nD9qlvmS,530-8973,44
柳谷 輝夫,DbxAe7MxTK@test.jp,fVugcKXr,266-5043,08
我妻 幹雄,H9Ig9CZ@example.com,S9iEUhXT,387-9342,31
岩橋 智恵子,gw860bA4HE@sample.co.jp,iyacgTGd,148-9734,05
清野 実希子,d2Wzr@test.co.jp,AUw7VXOx,563-6871,14
小島 花奈,ExJrBiANyB@example.org,tpT7G1g4,391-6049,29
千原 昭司,v3odvms@example.co.jp,NKPrwYdV,120-8011,29
城間 道春,NMxxjwSK4@example.net,GVRdNNhB,376-7675,34
常盤 瑠璃,J4QkNTBaEB@test.jp,l71WJyGT,247-1062,28
関戸 優希,K6C8Di@sample.com,OxJ1Eq6f,580-4604,33
森内 陽向,anMKgb@sample.com,YGqiMzNQ,245-3461,18
大山 心愛,OsKryJo@example.net,eUDv_ZIT,877-0210,29
前川 達志,Aoj7hFWE@test.jp,KVXk9Wob,637-0131,34
白水 賢二,A8i6KKO@example.com,eK1np4Tg,315-3248,34
岸野 雄三,dBek9Z@test.org,F5gtJ3pT,724-1544,33
有本 結奈,osz1WdkjP@test.net,cAuLhiyX,314-3873,24
杉 政男,OYVvaPYK@example.com,xUgyh1w9,218-8554,38
増山 香里,GJJWfeT@example.co.jp,h3QiLXHb,341-8176,05
榎 忠司,T8zXM@sample.com,anETrDkR,276-4750,36
比嘉 香苗,Bh3levboN@sample.com,gDIfSf62,469-8638,22
岡林 矩之,mtJ9J@sample.net,WhIpDdKE,164-2749,09
水田 夏美,L_1fuhhnV@example.org,VTl1Dx3Y,483-5579,27
中条 玲菜,an4zTp@example.co.jp,uAKgfeaQ,729-6346,24
戸沢 潔,CVFNKcmN@test.co.jp,VFQlJ4gC,952-0241,20
四方 咲季,hmW2SAAQlT@sample.org,iEw2zAP1,155-0153,03
野上 範久,b185xODlI@test.jp,CwK0JorY,736-0043,08
崎山 幸彦,AX97lg@example.net,S9ursDJf,340-6697,27
野津 信二,eqZMMWHXN@sample.net,hvJKDOrb,053-4475,27
川辺 清人,JRXLtxp@test.jp,FoK_t9Om,722-0132,11
福本 優空,LTK1GtvQl@sample.co.jp,KcGuKdMf,540-7077,06
岩井 光昭,WBFlecy@sample.co.jp,pNwCgWpi,731-5115,05
笹原 永二,JK0q5@sample.org,SyiKBXWT,063-4997,25
佐瀬 詩織,lPQCsowU7@test.co.jp,DC5OyrBm,409-0011,09
明石 琉那,YkCm63I@example.org,qnzBYMqJ,001-0186,13
大森 瑞姫,nbD7oH6vX@test.co.jp,wvSHsT8Q,158-7338,25
山﨑 創,LgZdf0jhTx@example.org,KoslY1zu,405-0503,27
檜山 蓮,fokdnOSJ8@test.net,ajHCa88u,601-3284,41
小栗 禎,wv5gTe9@test.net,iAfiEbQP,557-0337,13
堀尾 春菜,u3LTN0@sample.net,t8wJx9I_,342-0948,13
神林 里奈,EvhC60On@test.com,C2Fh4SUx,495-4611,26
千野 咲希,vVIwSOqJCh@test.org,M6Q513Er,884-9053,26
桑原 正好,dKnWqY9L@example.jp,KXlXVcia,543-7314,25
岩淵 恵子,nYyyL@test.org,pNo2Cvxe,017-9732,15
高島 薫理,ptMZH@test.jp,eCvvs6Pm,332-3713,01
板垣 椿,vTi5Zg@sample.net,BLyK6386,072-8065,40
牛尾 完治,RSofNI@example.com,eK8i0fJ5,029-7732,32
三角 奈緒子,pqHrG1zs@example.com,SV0MnCMT,226-6740,47
砂田 莉緒,nYqIRZ9AC@sample.jp,KR_VbAYs,000-9860,02
相原 史織,yqEbyPcyYY@example.co.jp,csK8VMN9,675-1018,40
森谷 徳次郎,gSoZZi@sample.org,OFf0Xib3,864-0565,15
神保 伊代,udPFx@example.jp,kAzRmmo3,145-1724,05
柏崎 元彦,Szg1iT@sample.jp,VIqL37NW,620-1013,46
村越 佳乃,decIsQZkt9@test.net,TEsQI03k,142-1480,13
上野 美智子,rhAcg@sample.co.jp,UZeCtNZ0,030-1556,34
大串 智博,tPqgH78v@test.com,UwnmMats,632-5494,20
北林 結依,K0RFRfBNfT@example.org,hgdIKXNT,680-4574,35
塚本 今日子,ACp82Dto@test.co.jp,mIjGUcr2,841-6275,18
池本 敦盛,ACEWVdqS@test.com,oCBjZocN,960-3581,23
望月 信男,GDIjS4@test.jp,WCgT3equ,033-9911,12
小野塚 悦太郎,nszqPZX@example.jp,miFvVMn3,900-7128,38
福本 拓也,O8q8Df@sample.com,VBGmA6g8,156-1014,28
谷 建司,tznuui@sample.co.jp,LPSV6s3G,398-6543,04
三瓶 珠美,fGq0ND@sample.com,c1s7rgBz,766-6283,38
高塚 芳郎,mOyUSOK3n@test.org,B9T8cgOS,540-7179,19
門脇 加奈子,wZceO@test.co.jp,L80ZKdoK,264-1698,42
兵頭 真凛,lPlXp1R@example.com,TTxYcE91,172-7708,20
木幡 直樹,ga6Uwni@test.co.jp,RcLTHxjV,714-5326,06
東田 琴美,GFVOu@test.org,piqmO8K5,461-4440,30
古家 志郎,d37J9iGe2X@test.co.jp,LrEZkDyy,078-7688,16
柳 美希,r4C_ClMX6@example.com,u4qvtul7,686-6370,45
高原 康朗,yipOU@test.jp,PDxdILku,317-3560,38
仁平 善一,idMrRQtmvp@sample.com,C8wyFMau,219-4778,41
渡辺 羽奈,u4i3Uqhf1c@example.net,pky39DU3,169-3511,38
坂井 藍,cEu4U3UGM@test.org,TpdOp5zp,559-9178,14
三輪 遥佳,SMv0WT@sample.com,mfdnekT7,205-5856,06
相良 達,o_t79@test.com,uL0W_fbJ,365-9693,31
窪田 博久,rHQp9@sample.net,EMjUgfXj,021-4893,18
泉谷 優菜,cmjxLN8zn@sample.jp,wRTe7dye,478-2267,27
麻生 真央,E6piQdJ4@example.net,UjYuU7s2,423-2338,36
河崎 武裕,PBoGUfWg@test.co.jp,V5JFGIt4,013-1393,40
熊本 睦美,I_tBqAWk@example.co.jp,NgAxaBMt,999-8339,06
品川 京香,TwaTeJpR@example.com,Re2hkr42,007-7157,23
桐生 愛香,dRyEP@example.com,U6E6abFp,061-6396,45
大庭 吉彦,ywVovS6p@example.com,OpKCc0ed,197-5904,43
三浦 初太郎,ySs48@example.org,iTmR29fB,071-7700,06
我妻 佐登子,gsEFhUebHb@test.org,W_mxLnWj,226-7294,06
高倉 美帆,vRUZKYHJ@test.jp,HFqFtwii,974-6943,47
佐山 晴彦,TY7s4Jfm4@example.com,qXD5ZCgP,225-9902,35
長 亜紀,LtcOk9n@test.com,WKkb2MX0,906-3067,09
伊賀 義夫,ITLgp@test.net,PQLNJXLk,981-7755,17
小野 貞次,VQNKa@test.jp,Sqe5Fhd7,899-8340,25
横溝 真美,Hw87Y@test.net,YF7Qg3Ds,417-8001,40
大津 栄美,lUDDksIyL5@sample.co.jp,xYp_bGn6,150-2785,04
柿原 彩音,YLtnr7BSTK@test.net,GQp1w4Qj,264-1675,42
神谷 心春,DnpfHjex@example.net,FQm5NJ3x,361-3263,19
熊谷 真央,x86bLW@sample.co.jp,tsISm4Ms,528-1273,20
大江 直樹,EzYY4ursA2@example.com,uoZNLABR,045-7655,05
安江 英之,kxAxtnI0@test.com,DHBtalvg,988-8393,20
新居 楓,Fgf9gL@example.net,ozwx1DaT,065-0541,34
平原 心結,MxHVnj8P@example.com,r3rhGBdB,677-7518,07
安田 清佳,SNVDds9Oe@test.org,Avai1OYR,068-4058,18
仲井 宏行,fVT69_GeW@test.co.jp,TqdHFZIg,139-3568,25
神谷 誠子,wSfKR0@test.com,gpJtSr4O,412-0370,29
立川 琴葉,QuOR3eclV@sample.org,HVTOfxXu,044-3769,31
相澤 喜市,Cpbmn@sample.co.jp,mmmdS5xP,690-4802,46
中井 毅,Xv8cOA3q_@test.jp,TW94GJA8,628-6627,21
塩田 遥香,v7LOMjebF@example.org,hONklNbX,452-8916,15
赤池 翠,fTgdhIATXk@example.com,LA292gRV,817-9819,34
梅津 夏美,F1jpT@sample.com,WZ_1v_0i,936-5515,22
玉置 守男,rzn7ewOZAR@example.com,BP73__rB,176-2712,02
小室 利昭,p7dsJ@example.com,Iummjj4V,158-7694,11
新妻 亜紀,Bt2FWe9V@example.net,IVvTYC9G,957-3510,43
村瀬 省三,EgyGQ@example.net,hywCuGcv,289-2701,31
金澤 花鈴,ESCMoT@example.net,PDrjEG1p,736-8667,10
平山 晶,vl6L9GFVW@sample.co.jp,Mo1U71do,728-9447,34
高橋 麻里子,UGCnAxYE@test.co.jp,iAwevtTB,547-8295,30
長友 栄蔵,KQnfEgW@sample.com,bWh44gOh,912-0838,04
菱沼 貴子,ux0wXeroz@example.co.jp,n8SFgX5y,261-7151,05
千田 奈緒美,qIydCRE3Js@test.jp,THKW0POK,560-1966,25
永原 勇一,FbNo9J@test.net,uh17jyfd,039-5480,08
金沢 穂乃佳,xMpveC@example.jp,TGAG2F2i,634-7500,16
田代 梨央,u6YCVMNQ6@example.org,a9OeuYJJ,664-5022,26
田原 房子,MYoH6@test.co.jp,GTumc_Zw,721-6455,42
海老原 義則,iXl3C@sample.jp,XLmS6X0F,982-8971,02
会田 和臣,Wya8AfDwVy@test.com,PWXLyNer,155-8383,47
山添 金蔵,oz1enFmr@example.org,gckajoQL,850-0374,06
泉 実,cYT0HG7Ijx@test.net,dZrPIZ3Z,246-2027,07
金城 裕美子,YMs0o@sample.org,gNYD9WcD,415-2945,26
柏木 明憲,mtnu3Tgsc@example.org,gQq5mh5a,893-8917,08
大坪 彰,CIf3UM9al@example.net,lR_bB6cs,654-4588,38
前田 廣祐,mbhr3rMK@example.net,WiyU7lBO,408-1731,18
伊藤 実希子,t4SxM@example.jp,kygv0aMu,034-6937,27
木内 公彦,MlEHS@sample.com,pgb5L9Ud,524-2464,13
有田 一彦,eLcIX_uZs@test.com,mbNaU6r0,526-4529,07
新開 仁美,ik7H7mOkZy@test.jp,exN6Tq3P,248-1332,39
金谷 向日葵,k_aGH@sample.com,W6FHxQE1,330-7905,41
小山 幸子,GMsEHL@sample.jp,t5jbuifg,362-9215,33
杉野 豊治,dBsQxlAl56@test.jp,hb1HkmoZ,830-6684,47
仲村 千咲,kbdEC8fRU@sample.net,wgsvtBam,775-3357,01
谷野 華凛,qBhLLW@test.net,Wc2yrAyC,441-8477,15
泉谷 民雄,XIwAhySh@test.jp,V4IoEUgN,452-1426,34
米沢 奈津子,vaQWMq7ZaG@sample.org,FMZ8z_Eg,952-6654,03
安保 和佳,jgEMW246@sample.org,vQSiX62O,991-7531,09
堀江 日向子,JzWFx@example.jp,jdjrNPm1,714-3167,27
大崎 久寛,k_tcYKnzW@example.jp,dL8VK8Ud,705-1126,04
田宮 春菜,Pv3stxeF@test.co.jp,MnCZTplW,572-7746,05
久野 麻世,oiawW@test.jp,fXVhkzGp,011-1150,43
久田 健次郎,vpn_zyg@example.jp,Iwfol1iS,955-5591,16
大坪 治郎,wDHxiLm3lo@test.net,cBpYn7p5,168-5125,04
山県 信子,toSkdqN5t@test.org,hLtkzssS,708-5031,33
嶋田 清次,YobuXbg@test.net,SIdCB9ar,524-1167,34
杉谷 彩花,UrSjx8iK@test.jp,jnxkYrOM,781-3744,08
桜田 莉歩,YslBbUxqYC@example.com,A9xra_w2,444-4306,06
長江 清司,nv2oVs@example.org,CnUkwojB,739-5730,09
首藤 勝哉,F2_eiHjUys@example.org,Hth_vHX4,812-0494,38
荒木 莉子,cm31zrk6J@test.co.jp,kdXWsRf7,454-8699,06
渡部 時男,aLz00@test.jp,n1A92sba,261-5882,18
西沢 好美,DXrqM5s@test.com,f3FmkGLk,266-6974,47
若井 佳奈子,pOvt7OQz1S@sample.jp,F207mIxW,073-1999,08
新谷 里咲,cmEMVdz@sample.jp,bR42cHSq,835-7891,16
岩見 愛香,VmkqF@test.jp,s1jBmaC0,062-5248,32
新谷 政一,MiyNdlURf@sample.net,N0wSdG3V,015-3212,46
野元 梨紗,oMgax5H@sample.co.jp,cvLetE_h,224-0425,47
高井 修,cYHzpM_@example.co.jp,OngFngUL,271-0051,37
東谷 裕次郎,wIE3r@example.jp,tmDlyWy1,765-2806,41
村中 美央,Wc2WII@sample.org,G_C_79Y5,495-2139,40
村本 常男,gMfCyM@test.co.jp,dD0Ay4l0,954-5339,08
柴原 金蔵,VNbvONegmo@example.jp,Hk5WFaMd,243-6849,05
北沢 真由,mrs0Ue@test.net,klF9vkIQ,379-6804,46
中野 伸,BTBFzFz1@test.net,Q_eV8cJO,499-4256,41
西沢 真由,eYc8aQ@test.net,XuNLvQCx,366-9494,32
和泉 克哉,n6coZy@sample.org,pWPxcAkb,297-3298,22
宮腰 心春,p_yq_N60AQ@example.com,rBPXOsvi,262-6269,28
遠山 昌利,eZj9t@sample.com,sj8dj_Vp,678-7630,24
藤井 栄美,nQEcV3kI4@test.jp,iP7VxY7a,269-6108,43
鳴海 辰男,necF6@example.jp,iTdu3EcQ,834-2128,35
滝口 梨加,W7j1ZAz5@test.net,FWGfDCdC,719-2676,16
畑山 敏雄,SaTkKAr7fE@example.com,iUyVKPhV,727-0252,14
立川 陽奈,r8ZT4@example.org,wb3adXTC,226-3695,21
笠井 友吉,j2G0oQuT@sample.net,wlD6xcBc,812-0896,18
長友 菫,RirtkT@test.com,XW5WrvlY,915-2341,11
和気 杏奈,U5dPXgXa@sample.co.jp,ctUjHGq3,988-9272,47
田岡 篤彦,DQYKWZv@example.org,OCUza57Q,136-2748,07
一色 栞菜,yDiWSwr82R@test.co.jp,NKY50OqP,850-9178,38
齋藤 裕平,tZh8F2M@test.com,qq7xxkdD,561-5591,33
原野 泰介,RFLMYWxA@sample.com,NZ1mm1ti,242-8158,33
坂元 遼,G0LVz@example.org,KVvjgrvw,572-0397,40
亀岡 蒼依,KXpgLDyr@example.net,qPzreGSh,942-3436,05
細野 愛菜,tQ2eaQD0@sample.net,KLtUD97a,513-8916,36
本橋 紀夫,FXkYkM@example.org,u1QIkn9g,766-0651,18
宇佐見 政吉,n5P8sef@sample.jp,fKXDOtn7,971-5970,01
荒田 千尋,Uvz3o@sample.org,en_6gok8,557-7555,20
泉田 政治,NrSMmlJZo@sample.jp,YRvhGWvG,560-1672,46
小暮 梨加,Fvcgyi@test.org,AxxDQ1qT,035-1714,03
森沢 梨加,G0yB_i@example.com,Q8ZoZRil,229-0109,37
笹田 健蔵,sWsOSoBr@sample.jp,dZr5wHsM,594-4361,16
鷲尾 勝男,mIrBt@sample.org,QJgO1vht,939-8996,21
新海 啓二,uTvpckfNn@test.com,Wkyra1Ck,172-7690,40
藤森 道春,TUkbRNExFD@example.com,OJsT0iY1,731-6847,41
小堀 謙一,NYhKGH@test.com,iLD_fDOi,806-7823,31
深谷 彰三,GdQy1R@test.com,wmqu6TY_,202-6172,37
矢野 登,voubWjVbY@example.com,JhBU6roN,872-7600,34
岸野 静江,hXlBO@test.com,dy826_O6,109-3434,45
三輪 真由子,m2JBZG@sample.jp,hU2GyJz6,045-8796,18
川北 実緒,o8kImvTje@test.jp,kbER58yQ,361-1980,44
毛利 優,AB3a8vi@example.com,hcxyIBWx,760-4444,12
亀田 威雄,msoGdqfU5N@example.org,kBHrCZQg,787-5494,18
平山 龍一,wbT5F6Z@example.co.jp,gpcmwrrV,915-1097,13
丹羽 信二,bQy2ypli9b@example.co.jp,RbvQtPOx,674-6664,26
迫 高志,MZyjvK@example.org,bRuU4Khy,740-4106,26
菱沼 司郎,MVOAgPF@sample.net,Y6dCASjG,728-9205,07
梅津 寛子,Eq3ySimaRl@test.net,AyI5Fl8r,410-0219,43
安保 晶,PkcRmucK2b@sample.net,KhZW3JOR,997-5608,39
館野 俊男,p2hXGs@sample.jp,Lc3bdnEo,034-2959,38
二見 美春,QwhnIEB@sample.jp,WapZ9fGw,177-8098,25
関 貞,qGdPkR5eoL@test.jp,BiPQYZus,907-5912,38
保科 美幸,YUvpD1V@sample.co.jp,lZVQ_7CE,157-8240,10
神原 陽香,t8CTvZ1@sample.jp,Vs9MGlPh,032-2223,47
二見 希,C0RdU@example.org,RlLbqSVI,615-1961,23
三戸 沙希,ylC6Nxk@test.org,p3ZxEtKy,389-8097,31
北本 健夫,M0mx279uci@sample.co.jp,YLTH1J6Z,029-8117,36
梶原 宏行,iAufFEzU@example.co.jp,ubctdoRp,359-4686,05
谷藤 瑠美,B938r@example.org,HBNA4qjO,895-0831,39
大谷 信義,fbPFVz@example.net,c3EcJEsG,696-0216,37
平木 翠,yFubrJI@sample.com,KlUvUCp5,921-3858,25
安斎 拓海,PWdKWeX7@test.co.jp,Jlqn77J1,947-1812,36
大黒 義則,mfCmY6SqXC@example.org,AAnX_eKp,882-5176,08
清川 正平,naq1Nq7@test.net,FBJf_NIL,190-5195,12
沢村 利恵,ebudSsj@test.org,rPIUf82R,901-9639,35
兼田 好男,UzsGz@sample.jp,lgqTjia6,121-5631,08
新妻 沙弥,YLuxV@example.co.jp,QXVNUQQ2,463-9737,43
寺尾 帆花,FgGwFA8nd@test.net,kuAbBQcK,935-3679,04
村松 幸四郎,lDjoj1bXzA@example.co.jp,rY7q_Pbk,336-4797,17
富田 長太郎,XnZFlsxW5@sample.jp,aaq8vGiM,788-7581,20
隅田 利明,o5I9u5@sample.org,oc5LEfNw,295-4781,33
中井 孝志,vEm9G7U@test.com,ywK1siuu,191-1694,37
古谷 留子,m8SRS@sample.jp,drpVSae7,993-1853,03
藤平 正文,D8rW0t4oGd@test.com,vikP9xF7,241-3916,32
五島 光一,bm2iAifJ@test.net,dy1ci1Hi,515-7285,30
日下部 克哉,hPffD9t@sample.com,y8hGejQ0,959-0185,08
粕谷 政義,nY8WI@sample.net,xcjwRTLL,529-9888,18
大藤 輝夫,f2wG7kRko@test.jp,bKG2tPal,561-3980,36
岡本 辰也,Nb3Vn@sample.jp,es5h7aci,884-9728,18
多田 詩織,nuXkrN0@sample.com,rpYNGCWt,525-0537,26
右田 邦雄,PFXunsh2@sample.jp,HDUYV10O,024-5638,21
神林 喜代,wCUVg@example.net,CihdzHoX,178-3177,25
遠山 俊文,CkIPXh0@sample.net,h5zDo09f,933-9278,43
内堀 祥治,O1qieM@test.co.jp,mDAoVhKP,151-4356,13
河本 潔,cQuUt@example.com,wnb68yWT,271-0171,44
津島 優衣,G99GCYjj5Z@example.org,YRAb4RNz,201-9288,43
西野 春江,dNQGa7tF9@test.net,gwfqD7_8,925-3417,09
笹山 真一,Eklmh_M@test.org,rxDZjTFH,397-6746,07
柚木 知佳,YvA_0XM@test.org,OagmNqsN,659-7473,15
大澤 正勝,oloy4@sample.jp,h0nxcpuW,506-3109,38
八島 風花,PG09tse2R@sample.co.jp,Un4Umwye,905-0117,18
緑川 眞子,fBWnbZv@sample.jp,TXOtD6ts,349-2162,38
丸田 美奈代,XXybbQ@example.net,mFwEomGk,412-5600,39
里見 竹志,DG1fnTGi@test.org,FDWgzSFn,579-9048,29
神戸 松太郎,me6S9@sample.org,h2W_Y0bs,905-7588,10
柴山 武雄,sEu6IR1uA@example.co.jp,eZ9YiiyW,550-4245,27
景山 桃,queislqGST@example.com,vUMy9Q9N,226-1849,45
坂内 憲司,IgkDtZ@example.org,IzpaJXwe,878-9865,42
織田 研一,yswWFzl90N@test.co.jp,oeFuhUvr,715-3017,31
泉谷 柚月,yksbrPYH@example.org,FMpLi2IR,144-3622,29
真木 義夫,YCyxef@sample.jp,Q6Lk0LMF,616-4304,17
瀬戸 聡子,f04UCjPbo@sample.jp,xrLSqTFO,974-2958,47
関野 力雄,rFHGCZJR@sample.co.jp,t4jKHxQn,599-1518,36
田代 栄蔵,PgZWfE@example.co.jp,Ut0Hzsaj,464-1804,06
浅沼 英子,B_3PT1wM@sample.jp,pFJrc_cZ,615-4518,18
今田 広重,bf33ak9@example.co.jp,C3QCANuc,070-7401,27
竹之内 晃子,i_YIPxYSu@sample.jp,afBT0PJ0,647-2148,45
瓜生 一男,mvl_Pmr@example.jp,eupHG27C,737-3881,38
畑中 五月,lRNdVkwhhX@sample.org,HV95BRCo,785-3242,27
秋葉 柚月,Kbh7Ufx4RK@example.jp,XHS0AP5S,650-1329,23
村本 覚,WaXwwqv@sample.jp,NXeFrU6M,992-5047,13
柳澤 裕次郎,pro8BEIb@sample.jp,PFYor5P1,470-2658,37
佃 雪絵,T2iVfxnnl@test.co.jp,EVON4Yyd,294-7128,36
中沢 信義,H8vwsTM@example.com,x5OUI4Kf,244-2143,28
鈴村 郁代,EkCWiRTwI@example.co.jp,X7pWegux,754-4320,25
仁平 秋男,VKhmra@example.jp,fSUN1nQ_,281-4186,44
長屋 仁志,uv3xgwxP@test.jp,c2urEqNy,827-7943,44
村上 楓花,KphmE@test.jp,KvEFoS3p,192-1937,11
辻田 龍五,lnQDeOW5xQ@test.co.jp,S4tDfY58,992-3106,05
竹沢 彩華,uJNOhA7@example.jp,cPMJD_po,550-1518,17
尾上 空,L2I5Bgu@sample.org,flJUytLI,778-5250,35
磯村 優花,qNDPZ@sample.jp,S1NB1zQb,391-6587,38
吉岡 一二三,wp74MkHZY6@test.co.jp,O_5MEnV4,258-2705,16
仲宗根 七郎,wCjffduSks@example.com,MjxYjFxQ,610-4393,36
有村 圭一,YsGcPJPNI@test.co.jp,OZtLs5oJ,586-3716,42
新城 瑠衣,CZb1d@test.jp,yaMovWck,800-5493,18
大岡 蒼,fBJLC3xA2@example.org,UUrHljpm,578-3606,09
永田 奈菜,cLAMv@test.org,EKfya1_L,905-8243,09
猪股 保夫,Sqwa3rgzs@test.org,iqvRmOM6,715-9517,30
錦織 菜月,tTkGjX@example.co.jp,ukSRTpjn,503-1873,32
幸田 千恵子,Vy9Pr4xqMR@example.jp,PuaPoNKw,676-1499,43
長田 莉緒,pRDeQGwE@sample.com,yfMibnxW,687-7487,27
市田 宏美,jibZ3CLll@example.net,Pd1ysALL,506-1383,15
岩野 浩志,MHsAurVB@example.jp,y_d9boLg,535-6848,30
角谷 歩美,kTod1@test.co.jp,bmfWGaip,456-9126,47
茂木 悠菜,NU06WyWyJ@sample.co.jp,TU8XVKPo,713-0482,29
滝口 将文,SfKPrh0vv@sample.net,kMq2Qfga,279-5040,24
小滝 唯衣,ugnmX@test.net,Chi0Gdur,261-8547,27
保田 早苗,WEb1jGW@test.jp,CL67Hs8y,483-3780,26
大島 法子,NmWbH6qc@example.co.jp,am6HsNn7,499-3574,26
寺村 善一,FDLBxp@example.org,GozLs0cv,147-4999,47
大庭 一太郎,wCGQODS@test.org,uF9vRBTT,392-0701,08
磯村 武志,IuZbzP@example.co.jp,hjrSoRWg,141-8269,37
堀川 房子,hwUeswM@test.net,JVGhU8en,676-4828,34
宮本 正太郎,mHpAjKaN7@sample.net,dLkXj5rM,494-4312,03
武石 江民,ka7rreuQ@example.org,WYKTaZZK,069-7316,38
斎木 真優,pCx32zOEbk@example.jp,kefCZiD0,690-2800,04
大河内 萌恵,dwUvWxy9PH@example.jp,Q7ohrHUu,457-7864,39
日野 利郎,oc8dFvI@test.org,DsePjvPK,962-2080,22
迫田 基之,P_8SL7cQc@example.com,peWRHLC4,213-5198,13
浅見 果穂,EHnFcn6@example.net,d2waevMR,791-1815,40
西原 武久,L3uiOW@sample.org,KQHEoCQB,200-7150,28
西岡 拓哉,dKtj9T@example.net,HaelslI7,116-7093,18
早田 安男,LG4lF@test.co.jp,BZFK_A7h,817-4436,47
谷 信雄,S6vhhZf@test.com,j0jXP1xV,586-5344,21
須賀 道夫,l3Yn4M@test.jp,c1_YLOZv,270-7897,31
沖 三平,OGwl0lQG@example.org,khdgWJep,774-6800,13
落合 花菜,mepdm6kI@sample.jp,TU6t98tF,369-1004,13
石坂 楓華,tAl1u@sample.com,SLmIl71a,598-3117,42
丹下 五月,wJ7mVGphPi@test.com,EJejV4PR,943-4222,33
岩倉 和夫,dZ_TtMF@example.org,OIBpFPCv,544-4013,18
河内 柚月,qdAuSowGAA@test.co.jp,jzXHCHLP,136-2058,14
菅田 敦盛,EdmK_@example.com,G2gh26mV,001-7999,24
柏木 英一,Uxl3gV2@sample.jp,AgDYG7Xw,453-9517,21
岩谷 光正,OEE9dcWWZ@sample.jp,RMscSqtW,021-1597,34
早川 詩乃,U4p2CX@sample.net,sbKUyqxT,402-5541,39
小平 昭一,FoI4F67R@example.com,jh5WOyB8,853-6833,29
坂部 玲菜,B1V7tLAX@sample.net,iV0gMqaP,672-3922,31
大月 喜一,F2mMG26@test.jp,C4mqc8SO,662-7075,14
岩田 幸也,b1L5gCv4@test.co.jp,sUgJOFmq,601-4358,25
辻田 矩之,aHmhJQU3@test.co.jp,frXvtQgu,630-8446,39
岡安 弥生,rqzckL@example.com,mI7e4glD,396-7287,17
櫻井 柚月,jdFsmG@example.jp,h7sDPuRA,212-3735,14
山城 達男,yNNMSQe@test.net,VwTJO3BG,500-3727,02
下平 邦夫,mQEEoY@example.org,nLwIJvOq,301-5715,19
小峰 由梨,okUbF8_w@example.com,wV9hKgdA,375-1254,18
高嶋 留美子,WmSimmF24M@test.org,SCUn8Bjt,289-8974,04
大藤 正洋,Nn3m4DKT5@example.org,Ryze8Fri,601-0407,18
木村 敏彦,wr2IM9p@test.jp,ivCQzEdZ,924-9207,20
岩井 幸吉,f7_8vyQ@sample.jp,tDdTuw1s,038-6144,28
一戸 桜花,MKseAaSsZ@sample.co.jp,RvyeaKX9,573-1212,10
古山 綾花,qkWXPej@sample.net,LoZomBZC,344-5062,11
長嶋 治彦,iC9ttaoSwe@example.co.jp,h9sGcT3k,599-6731,31
野呂 治郎,sIKU2F@example.jp,PfygM3uO,500-3236,16
島 実,aeQEoHzI@test.co.jp,TLisKZFc,885-5701,08
橋本 金吾,DsyMMXy@example.com,e6sJICQl,318-2506,38
三瓶 治彦,HdVoRtle@sample.co.jp,g3tGBDc7,056-6298,24
綿引 健吉,eBWHESGf@sample.jp,eFPJZGc7,931-1036,30
越川 朋香,PNe90e2p@sample.jp,ie_LsOyW,283-5050,11
高岡 章平,Ye1hPb5Tm@test.org,JlTQPJpv,025-4664,47
田嶋 亀吉,sDOcNqXQvL@test.jp,SaOgBOwM,953-9750,08
水越 哲美,c30xEzEe@test.org,Y0k9PmVU,885-1455,17
細野 莉歩,Ae_4LSfL@test.com,yLLlZcVN,372-2541,41
菅原 実可,cgbHFWoXb2@example.net,nUGVspgR,054-7634,42
間宮 國吉,cDak3GF@example.com,FU6QnqE5,141-5285,38
児島 育男,nqCSzeT@example.org,g5ldh520,058-7733,39
堀部 晶子,fMEirrxa@test.com,UP65UYC5,176-7077,20
巽 花楓,dSglRe4B@example.co.jp,FZgoQGuO,397-1792,22
永田 舞花,qrDeIqj_c@example.net,xon7Y1n9,467-6885,26
溝渕 繁夫,GEyFd@example.jp,Fizn3jBI,305-0470,17
立花 達徳,SsAqWsGEk@example.jp,BUSOOV0V,605-5414,39
松本 一行,V4PfbG@example.net,A09XfENa,885-4154,17
長野 琴葉,DHUvCw@example.jp,D6pZJNrm,701-3350,04
川原 数也,WMaMJ@test.net,HaRGGCEO,875-9478,47
田野 義行,Ja4Po@test.org,myWGNeLD,425-7736,16
島崎 憲司,r211pnA@sample.org,LeilZt31,221-9024,38
坂部 謙多郎,f4JcCsGM@example.co.jp,I4_b02Ae,639-9559,38
永松 進一,EH0_D@sample.co.jp,HM2xufQu,655-3384,34
平木 正弘,E6ZGsVZf@example.co.jp,xjyoCh7l,217-2264,31
小寺 凛,IqLk34QN@test.net,SJqW8B9w,991-2290,46
小路 舞衣,MBMTh@test.com,y0wPYv5s,915-6597,33
江尻 幸二,OyWHel@test.org,fEawaKt1,144-5802,30
高浜 清次郎,tCVlQzmiY@sample.jp,CTvpHs4c,074-5759,25
秋本 祐子,ASxdjJ@example.org,bGOexgxb,345-1279,40
矢島 綾子,dBeZy@test.net,RQK4nBEQ,288-0191,10
榊 千恵子,xPpYCsrVC@sample.net,PynoW1mB,902-2121,24
大城 嘉一,qmtMcO@sample.net,j4pizbke,176-8096,46
宮腰 紗彩,eE8vxULW@example.net,KtWSrNvj,733-8882,26
寺岡 健一,l29czAx3@example.org,PfIjkaXn,354-4602,30
猪瀬 里咲,cHcT8Bp8@test.net,qQru3Lnd,196-1402,20
宮野 範久,r7qBFwkry@example.com,fVTY1VsX,177-7088,24
笹木 由紀,qEKTvFG@test.org,gKjyHdjj,109-3265,39
樋渡 信行,cMQhjkS1@example.jp,UZCDernY,959-3138,39
楠田 鉄夫,IfJzCvqtA@example.com,E88vF29V,415-1469,30
常盤 敏郎,mkaTaBFx@sample.com,usRTUj4B,593-7975,07
羽田 仁美,G9EoxKlZ@sample.com,uPbMbhRl,978-5913,07
長倉 果歩,gfgmJFrI@sample.jp,V1kstrMH,284-9884,24
田原 里佳,a7rAclp3@test.co.jp,l9G2yGfW,188-6376,36
落合 陽和,FWX8tbKsXc@sample.net,w2si4iX7,479-9478,33
田原 結子,y7K6hCSV@example.org,HRPx7sYw,833-8887,03
福元 金蔵,H9ncqId@example.co.jp,hUwSV0R9,795-3173,46
若杉 百華,cwuS41Uq@test.com,WNFAzVxj,794-4204,13
牛尾 亜抄子,B8dg0zag_@sample.org,Wt7tcik6,299-9968,11
永谷 光信,D1lPggzze@sample.org,KN9F76U6,198-6402,31
藤枝 和比古,NTgbs@test.co.jp,LacAPRrj,753-9270,37
浜村 香奈子,F7S2vEDET@example.org,Aopkk0Te,381-7716,39
西島 奏音,g0mPw13S@sample.com,KJNCatUp,770-4715,38
堀江 治之,Yn5Gxkv61Q@test.jp,JwEL0R3w,324-8963,44
黒澤 俊幸,mNAu5@sample.com,alCGlLCM,413-5815,08
城 道子,eThfJ@test.co.jp,HuYGCU3m,818-3397,38
岸野 徳三郎,Xth0nl2kZ@test.jp,d1fuYDbp,396-5170,38
根本 雅康,XFlD8Yukn@sample.com,n2aXv1UN,914-2531,13
助川 美千子,yccn566B@sample.jp,Uf1e1sR6,490-5150,06
長崎 真凛,Q8eFtTxYr@test.net,pF6C4wg_,991-7012,01
崎山 千恵子,fCio32zxwN@test.co.jp,iGM0gRJl,284-5628,17
田原 潤,vad10@sample.jp,QYVGyCyT,199-5673,27
入江 芳彦,FR0AIXj@sample.jp,x_8xEmis,253-2226,13
姫野 紫苑,AFYh_5Rn@example.jp,jy2oz6x8,552-5954,06
塚本 純一,nEhrfD@example.jp,qC0oaJBE,242-0569,33
安本 正元,pUI0ovzv@test.com,Fqwxq3QB,355-1468,45
内村 亜実,Pj1TYw@sample.net,D4rTPMzN,962-8371,40
中垣 千春,vNKBL6pkRg@test.org,KzjFhimm,711-9309,36
宍戸 亀吉,NhmWKEO@test.net,y4gsdv0v,029-1748,17
深沢 彰英,hnMKi45zC@example.com,cqiy2Fu1,198-8164,29
西川 正春,aSuAXm@sample.co.jp,W1Wd1rGC,090-7071,35
片山 敦盛,dUlwCLZHl@example.jp,HxQ3vTwQ,021-8875,16
柳谷 十郎,aKS2O@example.net,dA73is4l,178-0031,27
柳瀬 浩志,SCTN7AV@sample.co.jp,NEaIe3db,746-0696,21
門田 美幸,Wkd_i2@example.net,vVXB5_cx,483-4168,05
大谷 尚生,mdlyb2M3CS@example.com,Iaj5qZVi,776-9687,34
金野 哲郎,sP8aOqFO7n@test.com,LhYTTzSP,530-1528,22
小宮 翠,iYgtnthqpq@example.com,jOE0LUaW,351-0335,10
大迫 俊哉,uaGGJ8VI@example.com,rArsL5i3,359-3108,33
高山 紅葉,gFfNt@example.com,vXpGqDeM,419-2007,04
長坂 正春,k4VnS9HyE3@sample.jp,dxlAsslM,422-3285,34
石井 和枝,hngC_uV9@example.org,vYbYl5EU,431-9328,14
市野 夕菜,Te_Uo@example.co.jp,edDIWjUc,346-3569,41
高津 武雄,ihNeBjPpg@test.com,La5oISxI,773-1357,41
野崎 環,f6B7nc1Z@test.org,L9RKduT9,878-0544,42
香川 杏,ty6XWvJvs@example.net,vgo_4b0T,531-4297,26
水上 洋,luWEro2b@sample.com,BY2Aul2w,589-0917,12
大崎 直美,A1YnGfPU@test.com,DdEyQvOc,511-3515,43
河井 佳乃,XdW1kyAua@sample.net,unhFh6KH,491-7167,36
新保 美帆,kew_p2N@sample.org,NhgRm1zn,594-7194,30
若林 松雄,erDKMymv@sample.jp,Yads3DBN,690-3028,29
三角 保生,V9Xksv@sample.jp,bmJeQU7g,019-2583,12
都築 明音,OeDhsvZC@example.jp,rd4FxWEd,935-2914,42
奧村 良子,KZvsz2zU@test.org,ahjGprae,194-1818,37
伊丹 彩華,v0n8PAk@sample.org,ofoIuj1V,867-8691,16
岡林 潤,vanY_eUdAk@example.co.jp,X1DylNT7,176-6852,31
鷲見 琴乃,AO9ha0HX@example.com,KSwdJN_M,412-1633,40
谷川 楓華,yUM8OlZu@example.com,xy1hOIaz,593-8870,41
白田 一葉,M0hBh@sample.org,BpElepjC,581-7157,24
奥野 和仁,i5Z3lZVIBN@sample.com,PHU_XdCR,638-9988,38
石渡 威雄,GHn_p@sample.net,g46Stow5,214-3712,20
盛田 真琴,OKUJQqMsBi@sample.com,hJMgUEG2,139-3299,47
我妻 梓,tDRon@sample.co.jp,XInuETlB,711-0455,04
宮地 真優,mFR6fCg50J@test.org,v72xQXD2,535-5348,28
赤木 敏幸,fH_Qw2sw@test.co.jp,meXevn3J,719-0693,43
奥村 揚子,gggbcPDe@example.org,kRy52Rew,044-4323,31
小浜 達徳,qhLg9No@test.jp,HEVhVC8C,711-8117,31
細野 銀蔵,OSj3uB7aZK@example.jp,yzt0PMDo,310-6720,42
新田 直人,pn74HNf7LF@example.co.jp,lOWwLJy1,040-1977,15
鳥越 佳代,lnsPNdk@test.org,sbfJDoJw,561-8311,02
河端 智博,WJVpx@sample.com,a6SbKjhr,692-8007,42
三谷 花蓮,o2ABhRce@example.jp,wedGLRCB,619-4455,31
荒川 由香里,JEbykbD5U@test.co.jp,vExHMPCW,056-3896,38
伴 雅雄,eoY_9Uj@example.com,AnZy6loc,391-9164,21
糸井 真帆,R4uULW4lb@test.org,fZFwKWKx,752-3954,44
富岡 清司,WQej65@test.co.jp,nx7XxD6x,425-6570,46
城田 恭之,PmgSLuX6@test.co.jp,JMs4Taz8,486-3280,33
宮地 美愛,cf3s8el@sample.co.jp,ao8wvA4A,719-8610,30
津村 理桜,mQSCKYTCV@sample.net,NXwUEGNH,120-3398,43
白水 昭二,so6e6eWcgA@test.jp,fWk8nC3E,211-8862,38
新藤 理緒,pfOXP@test.org,OVaEvcUf,221-7799,19
坂元 彩葉,MxvwlFVpOz@example.jp,fxnHCqH3,115-5137,25
高津 絢香,AQCgWGXUw@example.com,tuQAQ_5Z,202-5377,47
泉谷 蒼依,DBQGd@test.org,C1O3FFEv,283-8855,04
小高 真歩,G2iBrYYIgN@example.jp,U4Duq01u,478-0642,15
右田 浩志,n9IsOjGLC@sample.co.jp,lwPxhldg,462-4995,18
宇野 春奈,x46ad2k@test.net,OGupkgZE,039-4535,30
寺田 春代,KowSQD2@test.jp,L0l64NjO,750-5725,12
柳谷 初音,WETDW8Mak@test.net,WH7UdJE3,649-0369,07
久我 遥,o02C1Dtk@sample.net,cWAVbaN9,211-6232,20
水落 宗男,xvVR8AscXk@test.com,n6nt0Fbm,335-1636,12
大貫 美姫,PFs4uKF@test.org,PyGoYmN5,548-8076,33
竹沢 杏菜,e7Rk2k@example.jp,PGSqa4dR,422-2683,47
中田 輝夫,vW4bpUosC1@sample.com,t4tj6TrW,573-5316,03
外山 雅雄,E3hlWk0K@test.org,r9zW8AUm,414-2401,18
小浜 栄伸,TDVQP@example.net,FjCCiV1h,990-9369,12
右田 智,OtFpjlTEV@test.com,n8MMQjc4,358-7892,26
清原 穂花,y4fxla@example.org,mN7ol2ao,451-4869,11
桜井 司郎,Sa1aPFNsb@test.co.jp,iTLAeAxF,394-8022,19
並木 喜代,iQI8UWcL@example.com,I6tR_Mu3,635-1659,33
氏家 綾子,Bb_QD7iyka@test.net,AutcB492,507-3356,44
宮澤 春吉,kYl2Yabqu@sample.org,Lcel2qfk,768-8810,43
金川 和枝,BTAH5YJ2b@sample.com,PNnnSRbu,390-9222,29
前島 貴子,qXzi4w@example.com,eTFuW3Bo,728-0463,39
古家 実可,KQcOYmT@sample.net,Tk5O5Cez,073-4606,02
五味 厚吉,Vd1JpWoW@example.com,lm7F7zVA,128-6530,36
一戸 和彦,kVS_OBUCK2@test.org,SoR9AH1Y,577-4053,30
沖田 安男,q_4P1yzX@test.co.jp,tV58o4x0,532-9583,01
矢部 花,RzVM2LnXfz@example.co.jp,fQgAyxDz,708-9413,12
岡野 由夫,iRzYiC_@example.net,pdqxHNKS,435-0186,44
坂上 鈴音,uIg1A3is@sample.co.jp,IuGYV53A,489-8731,43
本多 楓花,jKsc1QuG7@example.net,kqg_f5aH,707-2318,20
山元 源治,qBFYUNi@sample.com,FburWeRI,954-9747,37
菅谷 金蔵,inixV@example.com,fo9dDhC8,897-9311,04
坂元 幸彦,gTgXjf2YH@sample.net,KtQLO9Ep,424-1601,32
岩間 里歌,JfylKD@example.com,SSS3kQhe,041-3133,14
高坂 冨美子,ckgAHaZ0@test.net,HUNHCwnA,574-6576,31
朝倉 若葉,vkw9jKu@test.co.jp,IegvNP9_,016-6836,37
上原 遥花,cHwE8X@sample.jp,M8y9omTd,076-6040,33
品川 栄美,wIAkrw@test.org,KM5HJToh,850-8125,08
西出 幸春,TmpqnArv@example.com,remwt93v,751-7442,05
谷野 伊吹,hloDFhYk@example.net,obJ49srB,881-5298,23
西山 棟上,qlvdCzOT@example.com,SCcI3eWZ,634-4460,03
藤江 蒼依,YfBLr@example.jp,GFI0W9xh,573-3813,32
橘 毅,WszL0ZBi@test.org,DspTS1Wh,188-9732,45
前島 真弓,mkZR4Ce1ry@test.co.jp,lvLlgXIR,492-9287,06
所 楓香,qHfp5H78G@example.co.jp,nQV2Dx4q,565-1111,14
太田 紬,UQvLKBaC@sample.net,J44IUnO3,773-4543,32
上地 通夫,DTKZfEWEf@sample.jp,XygAnTZG,896-1050,44
瓜生 厚,NM8T4wUP3@sample.net,hfx49gMN,909-2085,20
塚田 敏伸,uLiWSf@example.jp,aJpWi74P,069-4886,40
江口 毅,PXrS8UDjhm@test.org,ADWk_ybD,060-9513,15
増井 冨美子,KfWN_@test.jp,Up8hVkqi,628-3528,14
柴田 正太郎,EZxRm8TXOp@example.com,VFEfDjVQ,731-1230,20
金丸 愛理,ARXD7@test.org,ofNS3xRp,483-9229,27
高梨 日出男,jS92AGo@example.jp,nRK0X7lF,459-9110,24
白坂 梓,v4auJp@test.jp,OOvzSGzZ,459-8793,41
門馬 愛香,erRwoJcPrw@test.com,uhvpckfJ,179-7519,24
引地 千恵子,Wi2GArgBgr@example.jp,r2Jyj04A,152-5402,36
前田 由姫,duQoE@example.jp,KEAmfHdq,508-9061,01
宮里 美佳,rE6V1lY_5@example.org,E8FrZr8x,202-3920,47
神谷 広志,kEgOKudJ@example.org,qIdtFJcm,864-9207,33
福山 雅也,UYN9JOeT@sample.com,CRnIlx2w,033-0724,02
小口 大輝,gsTtw@example.co.jp,EJh8RSls,282-9671,22
鷲見 昌,TxFV8Mqodx@example.net,E34oEYNZ,837-9311,29
向 里穂,hwC8dkbl@sample.org,iY6IPRNC,099-2014,35
大槻 結芽,YtmLU1@test.net,Czw84UG9,125-0697,13
池野 保生,yR38dW@test.co.jp,WrPbbRzf,624-6093,07
大貫 美里,X00PE0w@sample.net,usnu8mGC,990-7509,47
水野 弘美,cT6wQC@test.org,wNLiWAot,097-6519,35
古橋 真歩,t1Tun@sample.net,NFeNyvfK,959-0244,27
奈良 信次,CkFzK2Df@sample.com,YMwkY_vQ,544-3583,46
宗像 昌也,JzywzU@sample.org,rvy36htV,925-2469,31
桜木 淳三,aSkt3dz@example.com,j16HEPX6,507-6079,11
伊丹 真理子,O7RcR@example.jp,PETls3Jg,299-3719,01
斎木 光希,UEMJL0oun@test.net,Sd2xxthO,017-9874,30
新谷 春男,rPqGETU@test.com,aobXOkKa,454-5070,17
西村 治男,wLVq0@test.jp,w8G7gNTg,532-0707,13
宮部 日出男,O2J8i@sample.org,FQMFfJCR,775-4512,17
川崎 林檎,v7pqsiBB@test.org,yXQj5pYh,464-8370,19
菅野 楓花,cSmv1km@example.net,LgR9FasI,817-6744,41
木場 琴葉,pYPz4D5EY@example.org,npwBC7hM,654-6112,17
松井 仁美,PKuguKgQ@sample.jp,IHt7cT_K,515-6202,37
大道 梨加,LAHtY6KF@example.net,ahQd6QFx,131-3235,30
浅井 由貴,WLFGuzkQa@test.jp,o8JiVveR,004-7182,11
有村 要一,k4BILfLE@test.co.jp,KxpYaOyh,885-3024,19
能登 信子,wGg9lu@example.jp,L8Rq0PJ4,164-9123,36
小倉 春江,HaFdbMf5@test.org,jDC0pawU,599-0853,41
大串 麻央,tIDgor9kv@test.com,IQeE33n2,037-8585,14
宮川 陽治,mM17IexA@test.jp,n6SbElwd,255-4369,06
緒方 譲,RuYFTYhmIj@example.net,CIDtUoMe,501-4983,28
林 千加子,QS2Ulpir0@example.jp,yhbQDlod,887-5420,39
池永 信太郎,xQHkXcfg@sample.jp,g3kTimFe,298-7483,43
島本 光,CZIObLg76Q@sample.co.jp,oB7H8E95,844-1816,33
一瀬 力,UMllD@sample.com,tj9_Jil2,311-4544,10
海野 碧依,f8Axs5@test.org,dVgEQkO1,292-0721,19
小幡 音葉,p5smP@sample.net,CBm7O2uj,969-4516,09
角谷 孝宏,iGpaDePXKQ@test.jp,Vr5UsuFI,270-1196,01
小野 琴,rBGNP@example.org,IJvtsAjn,709-2630,34
河島 夏帆,JkR_sv@sample.com,ip1uXT3b,492-7438,36
丸尾 敦盛,JPJfI@example.com,QRvm4rrK,980-6977,17
宮本 綾子,rpEvTC9Rx@sample.jp,TDoygA5Q,982-2096,22
北林 勉,yjrkCY@example.com,jRI0vo9c,632-1510,39
川下 明子,aCyYQ@test.net,XpfS_G2o,574-4310,43
会田 克彦,LaiIO3R1@sample.co.jp,eBPh6l2x,254-4964,21
上田 常夫,G0TVU@sample.jp,ety11KrO,306-4271,25
塚本 璃子,E8lsY@sample.com,yYFW6I5W,625-6279,22
上島 結芽,ggwLrTGUDM@sample.org,AdtPnxVn,389-0475,41
篠田 七郎,TqZJ4dBzi@example.com,x4eni6LQ,959-4322,09
鹿島 幸太郎,hi_256eB3@test.co.jp,DtG7L26L,505-2567,39
大江 小梅,Jr2NHf@example.com,agw3wStn,556-1810,39
瓜生 美也子,aOwXyDmAO@example.co.jp,fZI8cq0m,081-9204,05
梅崎 哲郎,PGm5fPEqy@test.org,xespn25t,802-0614,41
並木 浩重,FbVCwA5CGC@test.co.jp,cPh43Rge,546-9844,35
米谷 謙二,YPxctHcF@test.com,bbb0MEie,115-1979,37
浜崎 市太郎,aBFI9bq@test.co.jp,PcW0nEe7,251-1460,46
篠田 毅,kfVVu9GWX@example.com,gAEnqmFf,057-8287,35
鳥海 典子,vMHyyNc@test.jp,OSO8HCcu,087-3768,45
浦 由紀子,KT0fR@sample.jp,LlROHNyo,608-5768,22
葛西 重行,H1ema6V@sample.jp,ATYzoWL3,058-5655,47
富田 夕菜,cwy5B@sample.co.jp,pd92bYMU,162-0179,44
武藤 悟,F1o2WIKX@test.com,urzWjdbs,746-9931,11
平出 花穂,sqVRHMzWb@example.org,eghpPknC,776-8613,32
山木 樹,uGADb_fS@sample.org,xXkiEtAP,646-6396,20
斎藤 雄一,SHFbfSEWAL@sample.jp,CMkjAzz_,543-0635,03
柘植 季衣,VGx_qLPO@example.jp,ydPjjUIz,051-9728,14
羽鳥 健次郎,dDeQwLp0@example.jp,lzBy9M1g,933-0968,14
坂本 怜子,lGcQ_K9zm@sample.co.jp,qG4II51N,381-0795,35
生田 隆夫,r1OWQND@test.com,PbgQAx2Y,174-6969,40
小菅 菫,QBy7XYv@test.net,vSE_blGj,566-3422,41
新妻 亨治,xTQ4RPjm@sample.org,FA2t7dc9,078-4433,46
高林 瞳,QGnkDvkXCd@test.org,U0yhA3sf,884-3518,14
石毛 矩之,udc0feNoF@test.net,f6R826Hk,954-6498,46
向井 美枝子,MCkVg1Pug@test.net,APlhLGXZ,390-5471,40
対馬 和葉,QlE4FIbdBV@example.co.jp,C5Aq3SPA,039-6346,42
安達 祐子,oyy30Yo4@sample.co.jp,BFBuFUHb,433-7996,06
米田 愛子,JdMTf@test.jp,KaudTeSR,667-8503,15
金野 恵理子,PjiSgkPIqq@test.net,oIMtuHDy,268-4502,46
立花 清人,yVXns@test.net,fvTEVqJA,060-1289,39
白沢 勝也,SIkhyxD@sample.net,jaajtqKg,122-7247,13
都築 章子,AlxQg5@example.net,aQC2YUgk,730-3785,35
玉置 奈菜,G9KcCM@sample.com,bKCLVFNC,142-4814,47
須貝 敬一,UN8nQ@test.com,HZAIJjnO,409-9416,47
永谷 好夫,JWIi7nu@test.co.jp,tf4MGm0F,567-5915,37
向井 寿男,ablVT@test.org,hDhRNfDX,455-5728,44
折原 博嗣,DcLGJq@sample.org,Bx2iCXZu,495-5393,24
小橋 友里,HFu33f@example.org,h6XHPfuA,674-3473,44
奧田 光代,DoCEIe@sample.com,AN3Fcf4V,368-5251,14
氏家 哲美,A2pijj@test.org,wvRh_4El,880-0081,32
小宮山 憲司,kvE1gfRxHb@test.com,PPFWDmOK,666-1689,01
正岡 豊吉,KjsMStM5O@sample.net,BAJ2_GDq,125-1376,31
八代 輝子,e5yd2NPrDB@example.org,el7AJ01R,435-3267,14
中橋 信幸,vgmdf@example.org,qQFawDNr,525-2524,21
水沢 利平,VBMbo@example.co.jp,jsdXGVRq,184-3007,08
山路 栄治,rGIq6gvpI@sample.org,S0LTfS1n,151-2584,05
南雲 勝男,IofnYBaQC7@example.com,bXg8GpyY,089-0259,29
児島 静子,KasbCVf@test.net,OKa_A0AQ,563-3445,09
大黒 奈緒子,mJp5n4qrI@test.net,bZdsfA8W,827-2641,45
加茂 喜市,xrkNs@test.jp,kCUK0eq9,383-1564,22
飯田 淳,uyt6y@sample.com,Modh0Gnx,247-1683,40
平林 和茂,dDXFKRVU@test.org,Ntpo44RV,589-0819,08
鳥越 珠美,xrTSt@sample.org,fGUA_UKp,105-5942,30
信田 知世,cblrV@test.co.jp,WGKg6DSj,013-6122,12
中沢 達雄,HNj7zU4Z@test.com,legXvVuW,745-9959,31
南野 昌二,crv1PtmtR@example.jp,JegzpJbz,048-4128,13
安保 章治郎,lwnpU@example.net,sfa32WcF,735-5235,23
新城 幸子,YJi7Xqw@sample.org,U91tBByG,594-4019,45
斎藤 麗,Nem_GJkmn@sample.com,oZ1tM8lj,171-5259,15
西島 梅吉,RPjodm@test.org,hrI3IeJw,745-4085,35
金沢 輝子,S01BL7@sample.jp,g1jKxAx6,657-5648,23
岩永 沙紀,mRZtO0c_u@test.co.jp,coeyxgYV,120-0221,28
影山 結月,pg4lHw9ey@example.com,Wu7LlVIv,420-3928,28
津久井 政一,jQ8uRWM5R@test.jp,dKPLZvKM,849-9807,28
堀尾 常男,q_Fjqep@example.org,LF8cY9Tu,767-5158,36
照井 琴美,dwShLW@sample.net,jITY9Myi,470-5081,42
柳 菜穂,uAGND2Rnt@test.co.jp,VSCCputz,626-0300,12
栗田 良一,pUexQR@example.co.jp,U7CD7hv9,251-9430,14
金崎 善成,Ak7JHPoCNn@example.co.jp,IXIcsD3U,767-2041,39
吉見 円香,NRmU6s@test.com,FiYRQgAV,288-9415,06
北原 清吾,ldX2dhu@test.co.jp,sfNOIsrD,320-3423,09
駒田 凛子,KJVqsT@example.net,HQFQ09Xd,626-1035,23
大黒 信太郎,aYHbmfIHCK@sample.net,wkxB0_3Z,660-3468,09
新山 良和,OSm5biof@test.co.jp,V31WEkND,880-3460,46
向山 芳彦,iJabPPIL@example.net,uEcECeuG,677-4847,19
高坂 研一,tMp4Zzv2H@test.co.jp,SQPcmbGn,192-5026,03
新田 毅雄,U7P1v8c_@sample.org,k2rQRIJ5,187-9026,16
有村 裕美子,SSBydhomSQ@test.com,Y1PzNMoi,919-6995,04
志賀 育男,JKsgBWIEVY@example.jp,ahaXhotq,355-5996,12
宇都 優斗,UeQEyy8oEA@test.org,PAz9LAAh,884-7008,44
川畑 心,qkrGmCRa@test.org,QoyKa3Ye,147-5062,13
大和田 沙耶香,XkpqI@example.jp,AusfSV94,468-4516,08
小島 結子,WPlte6ryA@test.org,eruPzYsL,807-1237,14
鎌田 結依,gqAfaDcTle@sample.jp,lilMWQYL,551-7778,07
遊佐 瑠美,kqXRsXnVNu@test.org,knYVrHCJ,862-9594,30
桜庭 友吉,na4bxZ@test.jp,ijL1Uw1E,169-0150,26
望月 富美子,lKiMds@sample.org,TYpSXFd7,163-8045,38
西山 康雄,XdeuyufQWK@example.co.jp,Vlx3fWQB,363-6605,08
大垣 隆志,xQKqZDUmsP@example.net,jwoXewrA,696-1989,30
奈良 徳次郎,mVs6Pfd2@sample.net,HOEBvIBF,390-2710,14
池谷 常夫,Nk1fm@example.jp,nSXZbj1a,821-2315,27
花田 文雄,KuOK2nBvjO@test.net,cUbocDN7,496-6668,34
高梨 棟上,R7pLFQM@example.org,VCNbtZge,152-9404,35
坂内 美希,K7yPw3us@sample.com,CJS8qR19,777-4314,23
高村 椛,WuTd6@test.org,TFr4kmYb,153-8390,14
玉城 美桜,idumo@example.com,wpWzQ8F2,660-9838,14
大道 菜帆,d1RlJY@test.com,i_1uZOhK,863-8036,17
猿渡 信子,YIxZt0Eco@test.co.jp,Brk75rhw,607-7043,14
真下 敏夫,qIjFSeaj@test.net,oWka1s0u,806-1850,41
本田 龍平,Ho4CeqNjYD@sample.co.jp,I78GYqLM,064-3470,47
平田 猛,gDG2j7@test.org,WNjwCRT9,251-5466,12
市野 南,uwDAJazb@example.net,BX5pKkhZ,432-9836,09
麻生 茂雄,gjmUhrXc@example.jp,VT86_kKc,268-8610,15
猪股 誠子,EtVp9@sample.jp,j8opgWfc,627-9114,47
桐原 篤彦,h2NSuKDjD@test.net,F_dLBEmW,756-6974,42
田部井 勝美,aRHSm8fCB@test.org,sIyTNOu7,838-9769,13
相良 博子,Lhv7BqXk5@sample.co.jp,Uw6Atade,137-0376,43
小路 庄一,YR46E@test.co.jp,UzQ86UyQ,742-2827,29
小菅 日向,bCKHRSAnZ@example.jp,wunIdxBN,097-2896,02
平良 栄子,q1R26O0XV@sample.org,lKPAtXvP,965-1896,39
塚田 羽奈,dxynXp0DM@test.co.jp,Oet8bbzI,710-2548,26
藤原 房子,QHp_9DiYr@sample.com,NkBu30ts,467-9636,09
磯村 一美,LHknrnS@sample.com,drL7VHLV,465-0446,15
大和田 八郎,pXvk8J@sample.co.jp,aJgb7TNG,191-6908,38
曽根 宗男,x18bgXus@sample.co.jp,X_7mLF5A,497-7971,29
古畑 寛,Gf_nR6@test.net,EQz5I5jL,912-8520,36
大和 松夫,Ae8dvY@test.co.jp,BJBsrcpW,630-4530,08
斎藤 幸次,gS171bkdS@example.net,Hsozcpfp,784-7539,06
岩田 道春,XSsvx@example.com,ODx3Hak2,259-7524,02
湯浅 正弘,s6TGvU@example.com,UH5CswZL,395-2741,36
丸尾 友香,HTdzSOtWov@sample.jp,IBE4HClh,655-6863,02
道下 欽也,kfPHw7@example.net,M63RJabK,466-4045,26
牧田 省吾,m8QCXYO@test.jp,v_YVuy6J,900-9850,41
中尾 春吉,mNq_VnQFB@example.co.jp,UBi7GKwL,017-8201,14
冨田 実希子,cGDnO@example.com,Fpnc4B45,683-2919,19
白水 寿晴,v0rNdr@test.co.jp,LU785CgA,705-0443,14
西原 莉乃,YwVSv@example.net,RcxSMix5,245-9917,33
重松 麻世,CNlWHX@test.jp,D6dTi13J,618-9140,25
増山 貢,oM3Iwi_1@example.com,A4R43MH3,644-4180,09
石森 翠,gLMZgF@sample.net,Vq8lnl4Y,179-3356,11
坂上 達雄,CI4gipbA@sample.com,vyEMYBm6,642-6799,07
野上 雪菜,dQmry14@test.jp,r8QLPFZq,341-1782,31
高木 由佳利,P6TXOrJZ@example.jp,f0t_G2Vw,528-5542,06
大場 省三,sYWeynzcY@example.net,qQzRsIrz,597-7619,34
半沢 哲美,u6gg8@test.com,gLg8m46t,610-9591,09
本庄 尚夫,YctWWDNP@test.net,q5Cosbi9,104-0558,26
宮部 静香,GDFx_lLJ4h@example.net,AId9sOE8,388-2816,24
米村 昌男,TLLiKJ@test.co.jp,bIQn81o3,070-5671,31
三戸 葵,DYOrFPTn@test.net,Qd81vfCy,143-1299,23
久松 仁明,nOKrWq6QjV@example.com,mqTY26co,344-3539,22
大庭 紗菜,QnYQRDAzB@sample.jp,yrnh3Qjk,602-1583,33
吉住 毅,O2y4KT6@example.jp,UGH6zHHy,393-3770,08
川尻 瑠美,vJxzC@sample.net,euQmK49v,149-1863,16
鬼頭 晃,X_NGz5T_@test.net,iZ_iKmMv,529-4381,26
中園 厚吉,s_2ST@example.net,nVqcGvrA,158-4111,39
高橋 優奈,ToL984@sample.com,rAfdkbmw,622-6429,35
堀田 美波,S0zSlDe4sK@example.org,KDUS8dDq,222-8230,20
池田 洋,qdCgJbgf@example.net,dTLgyS7G,586-8480,11
香月 彩華,i2Nrxs@test.net,gwOwxEL5,005-6399,21
中込 真哉,ETWxa@sample.net,wx6uluYr,084-0252,12
古家 智子,lgxh13T0@test.net,wrspH3xE,987-8510,15
小岩 菜月,e2qEJX@test.org,FZAqpRef,523-6053,17
嶋崎 金治,o2rt0K0@sample.net,v5n5mewk,438-1816,41
牛山 英雄,D8TCVwP5l@example.org,jc75zrDH,193-1085,45
青柳 素子,vbQfH@example.org,E_EeyNxC,366-8466,44
八重樫 志歩,EuI5Pr@test.net,U_jzmGJK,471-9685,07
栗林 喜代子,LfK224URU@sample.org,ch0WgGfk,996-3323,20
村上 國吉,EgNFJ@sample.jp,qpL8MnLw,401-2376,34
柿本 武司,Dngrjw2mn@sample.jp,ItKIqE2A,876-8765,04
黒瀬 清香,HXtH1Z@test.jp,AEIfzDKe,262-2823,29
田村 夏帆,eHdaYlH@sample.jp,O9BOoqHW,226-1296,25
平出 一平,qthSFuh1m@test.org,t4OO5KpT,289-0268,08
上原 浩志,RvzL8sIrLd@sample.com,eUBXcfzi,227-0162,31
浜岡 尚美,wbqzEq@test.com,mueRWpTY,389-7322,07
木崎 健夫,cBrxsKw@test.org,dmlNsf9e,203-6485,17
高梨 莉央,bO6sKiJut@test.net,tmsTu28U,100-4150,22
笹原 静雄,cifqafRcA@example.net,MCTsrPjf,988-7916,34
吉田 健二,wsdOkaIU9@test.org,K38iU3sW,959-6774,26
河本 心優,G4MKLv@test.org,ue8bgtfG,585-5494,05
角 栞菜,MzCInt8@example.net,tf6tB4Wt,771-7084,33
日下部 治夫,aZ_Zk@test.org,QKxDbNuj,201-9474,10
保田 美桜,ywSMZOP@sample.net,NZeSV6em,331-8552,30
小椋 麗奈,Vz2Jn@example.co.jp,NWn2jaDT,018-0080,20
堀江 恒男,mhzD3KDa@test.com,F5CdbdHy,685-7102,38
金田 正,qnpcr10NK@sample.co.jp,q9si30QH,288-0409,13
甲田 孝宏,Q5LsNl24@sample.co.jp,gqoGivFo,770-5571,22
西田 栄美,rD0b6BcPzg@test.net,LP0oXueN,951-0263,19
芦沢 幸一,msOl7Q3UXv@test.jp,ituOrucI,257-3663,36
大沼 広行,tpTQuKfiG@test.net,hYHVhjf1,563-3455,15
清田 勇吉,RlJgv@sample.com,b0M62S23,506-8356,19
手嶋 智恵理,q3NvvGlhW2@test.net,nXOmG0eo,525-6448,29
小山田 健夫,ANk9kXFW@test.org,Sv9EceV5,154-4369,32
秋葉 夏希,svMhnHuG@test.org,VDPTqj4A,291-7411,24
真下 利佳,XkgM9wm5@sample.jp,vtDYIt6L,697-5424,23
河本 俊二,SRgCH@sample.com,SgtdWRKo,299-8898,24
新美 真緒,cEc0thc@example.net,WHu_q6M7,307-3447,36
神谷 國吉,Io0SV@test.net,qZTLVxm7,917-1171,41
金沢 柚花,b6wIze@example.co.jp,voCgDpLD,346-0404,45
大原 朋美,StZ0JnR@test.com,ajBTd7ti,711-4234,22
高木 睦夫,dhEPu@example.net,x2QuRE9n,508-1074,33
仁平 悠菜,t9JEFx_@test.org,qJBJYz3R,509-2790,14
長山 裕美子,I5LMkPf@example.co.jp,ndq3pR_e,651-7967,26
亀谷 亜希,Sz4eqH7e@example.co.jp,yuxB4ys3,885-3010,32
金 公男,lxHCW@test.jp,Oi59eCYQ,326-7428,28
水沢 香菜,ny5W2Gga3Q@test.co.jp,dIaoiNaD,306-8147,37
竹島 若葉,Qf0XLfOZZ@example.jp,lIYGhohT,782-4535,20
坂上 浩次,SMr4k5yqR@sample.org,mbEj3mqo,669-0926,33
粟野 洋二,tKqupFY@example.org,k1OPHiJh,020-2050,38
熊谷 彩華,kSQy1rgc@example.org,RJjxfBOV,381-2696,05
白水 啓司,aldvDkw@test.com,vrf72dZN,794-2009,06
中西 幸一,xkJZR@sample.com,QPgOEZff,841-7060,03
三田 小晴,byCTuhsOE@sample.com,TU5Fdp4g,342-0032,30
鬼頭 栄子,lkd26Y1R@sample.com,TkhqfO6s,100-7754,22
長 夏美,jfzpICxL@example.net,iCvoDC8F,233-8281,26
本多 佐和子,TybXd@example.net,ukkIEMem,359-3072,26
新藤 陽保,Vnme4wKivM@test.net,IX_rOvkR,578-7280,04
丸田 華子,WTLPX@example.org,dttixn12,626-2811,40
丸谷 範久,IxHzH13@sample.org,BGOFq0UX,531-0990,18
古野 隆明,VR3OW@example.co.jp,knhoP0r7,875-1486,19
廣瀬 深雪,BlCiu@test.org,IsRPG_kt,176-3919,09
仁平 梨加,XhpFdZi@test.net,BGqlFZ8q,926-6743,04
金本 早苗,iHjrytIMDc@test.net,hzCx9PcZ,434-1456,08
松下 静男,mQlf7Yr2@sample.net,Q8IMmlm3,929-6960,12
田丸 幸一,fXeBe@test.net,sgjBkub8,944-2101,38
河合 花奈,Sp9tGJ4@test.com,jjDXZPY5,803-2566,21
東谷 杏菜,LfPdBG@test.jp,oscFj_B1,329-5575,22
梅原 萌恵,Xo0j8F@test.org,yLNAefrO,978-2423,45
西崎 五郎,uCcri@example.co.jp,y_8aUO4E,977-6305,25
姫野 伸生,eM8SV@sample.net,SG4Ba_UK,663-4114,45
稲葉 天音,d0h6bL6@sample.com,Atg6fNNV,376-6755,36
藤山 昭吾,YEawU@test.co.jp,oo4_i5eW,537-6880,40
熊崎 帆香,nS0BmLAl@test.net,TomTQZtJ,827-0264,15
橘 理絵,kEmwVOYjf@test.net,CzpDQvf0,447-6579,22
岸 桃香,a3_MY@example.org,bEzE_98O,868-9852,35
藤間 里咲,qahDR@sample.com,B3dSlepL,780-7884,40
江村 誓三,d9Cs41iD@sample.org,eIXMXuQG,964-0743,38
会田 和臣,edKbRf6dqP@test.co.jp,WjRV3PTd,846-7217,01
尾形 初江,bwgh52n@test.net,kyX3tpLF,765-6935,05
草間 梨緒,GgaTaso4@sample.org,YNs9ZiKc,020-6629,07
佐久間 達夫,xP8c1Oql@test.co.jp,IiadlCmc,412-7560,02
白田 弘美,Np_irW_A@sample.com,FWUumqIF,713-4995,36
川口 喜代子,f52AWUz_@test.com,loSxjfHr,283-2272,26
城 悟,mTnVnhn7b@test.com,UGLVx6ia,316-5506,21
中岡 昭子,j_ddfhg@test.jp,WTJPYp4z,881-7882,01
麻生 喜代,h5IVPP@sample.org,Jh6xS61w,873-2983,39
中江 文雄,TaOaQgFqE@test.org,CB7I9gg9,017-5751,12
福元 紗彩,O650IW58h@example.net,f0niuQIC,700-8700,19
丸田 希美,HERhmU1iGB@test.net,ndD88z54,795-8603,10
香川 千紘,QCamqFcl5@test.co.jp,tRir6oRk,960-8772,24
前沢 文,QmtJ9Fdy@sample.net,CYSeoD99,519-5439,43
生田 香乃,TNuFvvHMeI@example.jp,rFnwV02b,843-3340,35
山上 栄美,F6PTZlHfrC@test.com,LSra9MAF,492-7746,47
大東 容子,lSfQZIr@example.com,Ecw9DZpP,308-5926,16
鳥山 香里,lUgEZ2@example.jp,wP6AIc1u,602-9094,09
大島 昭司,QuKWra9@test.net,UJxcWS8u,502-4627,35
尾上 香織,I1fBwKySK@test.co.jp,wEhuDaAm,427-0037,03
棚橋 良男,PyO4hkewc@test.co.jp,ptgLkrRj,623-3820,29
楠本 愛美,SE3v4JSkZV@test.net,bpYKv7pD,305-0141,13
水島 栄次郎,RA4Gsrb@example.jp,cKbWS7Qe,444-5645,31
海老沢 慶太,WOu2SlP2I7@sample.org,DA9gAKJH,272-7534,27
仲村 慶治,dTgXOee0Zh@sample.net,fwmVJKor,230-2587,07
神林 沙奈,kwerQo@example.net,kdXCaF48,627-5962,40
中尾 伸,AI1bYhUxUo@example.jp,X7LCa8Hi,660-7291,33
浜中 優来,O0tIL5_G7@sample.org,TpFxWmAn,448-1383,08
湯浅 建司,YdKHVYOt@example.com,HISCr5GQ,581-1704,19
飯塚 凛香,D4wujqdVZ@sample.net,frXDKOYC,073-6043,10
平本 竜一,HLvISnn2g4@example.co.jp,DD2Ib2IQ,782-2614,41
馬場 登,FZHqQcAQI@sample.net,AfgUPbfn,717-9268,34
大河内 彰英,EbkWPLB4f@example.com,HOKHsjWN,941-0239,09
古谷 奈緒美,sJqs8qAywQ@test.co.jp,b9fmNf49,413-0997,07
小路 浩志,gb38z2@sample.net,wo7hmMBC,067-4539,46
新居 幸次郎,hnU7jNBj_H@test.co.jp,bpRUHi2T,233-7220,14
田口 璃奈,Ielz5VY@example.co.jp,Lc5BVYQs,157-7592,25
乾 浩寿,VU5nkgdH@test.co.jp,naX9Six9,003-9563,22
畑 敏,H1DXe4mEFM@test.co.jp,msoPbVyg,215-3722,46
山﨑 心春,fcdbnv@example.co.jp,Hbk_hdyy,961-4022,09
粕谷 新吉,JF5qVjzVS@sample.com,NyBeFHXK,410-5884,10
若狭 裕平,XDcrS7KF@test.net,o8jizUdD,626-4669,20
小山田 深雪,XoCdtm@test.net,w9zNxf4p,915-8906,21
末吉 次郎,qwFVVmAtED@sample.jp,W5S4oEva,649-4913,23
冨田 安男,w9nK3pA@example.jp,qbX0mjmN,032-5740,38
永原 豊吉,p5oGFNWP8@example.co.jp,xfrKpzyH,235-5767,42
笹山 実,beIbH3@test.org,eCEEoVWU,034-9455,11
三上 一雄,eoJzeVoEk@example.org,FwbI10rv,642-1475,45
藤永 望美,kTOY_Yn@example.org,vCDdLKBg,678-0133,37
藤 忠広,p1q4c3Tjw4@sample.com,kkCAa8cp,435-1105,03
五味 美里,gPOpPu@example.com,LBOFc2vX,210-1201,22
正木 利吉,xQbd2Y@test.co.jp,pjIzDcpx,087-0673,44
奥谷 俊史,O1MnwRp@sample.jp,hDTX2gLt,385-5106,18
細見 基一,UN8V50il@sample.jp,MeN0C2QH,617-2737,43
長沢 弥生,tTycz9Rm@example.org,CvnDuWb_,650-5149,34
作田 力,y0P6p0@test.net,SU0AUcgH,666-3384,21
手嶋 義孝,rrmFc@test.jp,R9ih1ScO,453-3561,20
竹中 結奈,nyR83@test.co.jp,S4dWSoeo,405-2772,27
小柳 一子,DxPFt@test.jp,WcG4sPJ4,645-9315,32
秋元 富士夫,CdH5jw7pOu@test.jp,nvuCTZCz,404-3165,11
岩永 正広,IxzRxX@test.co.jp,GduvJosF,490-7242,18
前 知里,g_moGaZ3Xw@example.com,RgwD3lHG,633-4799,07
阿久津 葉月,YZ0HC589ka@sample.org,RrZxQZmG,145-4553,26
堀尾 彩希,a6SW8y@test.net,Nv98wKM1,458-4288,46
粕谷 悦太郎,B9Tgy373@example.jp,ErjtXQko,288-5834,29
谷中 美紅,IuS0Tl@sample.net,nVNq6XJk,300-4555,18
岩井 華乃,t59rKK6QM@example.net,fmmn6ZOF,405-7757,03
三村 章,vHkBk9gPUr@example.org,R70bFym0,762-5007,12
手嶋 沙也佳,BW9BF37HAo@test.co.jp,nQ2jNoLG,439-2453,16
猪野 武雄,TRtNQk@sample.net,goeiveFJ,078-2886,33
浜岡 帆乃香,N8MbQ@example.com,YsDaQECv,242-1852,36
室井 楓,W3fuhkwD@example.net,gJqyHR85,598-5021,46
青柳 佳祐,F4dULckb@example.com,AKXxSwUb,071-7348,02
角谷 悦哉,NKGVgVIsl@test.com,IoYQfMRJ,310-6686,33
和泉 金吾,G2_b9y@example.com,g9oSfcdr,169-0452,30
長浜 美代,YdaaBQtiyP@sample.com,pVNfcpnL,373-2769,17
清田 敦,Wj5069@test.net,REj4fObx,587-8684,40
伴 文昭,cDBpBl@test.com,FX5Qr9C4,234-4689,23
間宮 俊郎,EOCxU64Nz@test.net,DD7gGj1_,379-2274,17
一色 晃,KbtGh@sample.org,mlQUzldL,989-3361,18
川島 美和子,RIyrJkG@test.co.jp,Cv27WmAb,737-1098,38
坂巻 小夏,e3hEfyYc@test.jp,oxYke6J7,064-9135,04
橋詰 桜花,OiDHiwswm@sample.co.jp,yZKDDEe5,799-6589,02
黒崎 伊織,OmD1ReD@example.com,V4HhrrrF,274-6768,12
柳瀬 岩男,hJqs9@sample.jp,Y8bi43_m,301-7269,29
景山 実希子,t0FbSsutiZ@test.net,SpI4XaTA,784-3426,17
長坂 竜三,oqu34u9z6@sample.co.jp,aawBKzX9,347-9666,20
東野 麻衣子,LRuzaqC7@example.co.jp,kRiIEuOC,169-2929,43
大久保 昌也,yisjJmpD@example.jp,rXBFizsd,835-1033,23
椎名 剛,eOUs6YSzH@sample.net,UYRqXiJg,217-2689,09
松尾 睦,b5wmAO1t@test.net,dUlx1kSg,117-5352,08
末永 佳奈子,ctDWan@example.co.jp,Qn4BmMlN,185-9958,16
神原 絢子,Yr4oN2j5@test.co.jp,VZN_4qJv,525-5260,33
北山 美紀,QSxVC4@example.org,IdDG0tFk,953-8413,05
矢崎 柚月,QKDOzk@example.co.jp,bRvq_qsQ,708-9910,41
磯村 敏雄,k1vC1i@test.net,r9zpx_XH,457-7983,40
国本 悦代,PSj5TZ@sample.org,mER3DmUZ,309-1051,15
八幡 麻紀,wwW8OJ0W@example.jp,mToPHMNY,675-1746,14
猪瀬 瑞紀,EQKkjXSn@sample.net,t1nbxkgA,474-4204,28
長瀬 安弘,KPaYoll3A@example.org,lESUf_rO,342-9150,01
土田 美恵子,oJWe1rDFrh@sample.co.jp,SG56lQbc,963-9539,44
羽生 理津子,j5z8gw@example.com,wdryClRu,866-7312,01
梅原 沙希,d0UTzB65H@example.jp,fXhfITWg,054-1185,37
中津 百華,pN34_gFs@test.co.jp,SW_S35ks,257-3349,33
山根 翼,r8o6imm@test.co.jp,ban6_h3a,760-5446,08
村野 金之助,JN3lw@test.com,FHkiOhcD,467-0468,02
新 厚,lR72WDI6@test.org,vuO7Buns,955-6083,08
椿 宏美,l4pmQD0j@test.jp,uDYbbidv,031-7206,45
柏原 梨央,OR_JVkkvl_@test.net,pOi3fV_R,947-7388,06
四方 英俊,A7Fcv_oW@sample.co.jp,MrNp7FYe,128-4533,37
一色 孝利,ESXZAVKq@test.com,OymGH_vt,733-5545,23
花岡 将文,bwk_FO46u@example.org,NqG_U22b,285-8768,39
信田 咲来,ydWFKZJ@test.net,He77y_7z,769-4061,46
田代 美貴子,Wu2hsDAesh@sample.com,b0WvWyCr,558-6333,38
小寺 広治,WZYNU@sample.jp,In7Vzh9a,783-7157,31
内村 雪子,qJ8HSPn@example.jp,Qm9UA5UK,076-0503,36
加瀬 詩織,jruBBtGwl@sample.co.jp,DVdsdV8Z,299-3788,39
中岡 良之,bSTtEQ76@test.jp,Ln4EZkar,044-8157,24
白水 真結,kOxY7@test.com,g2IyiOqI,652-9794,34
秦 香奈子,SH8IUGqI@example.jp,odvnGCYI,726-2794,26
室田 俊郎,cR4KANY_uV@test.co.jp,nFnfzOJ3,647-3750,43
金城 京香,kwdtn@test.net,wpanVDAe,426-0106,47
一色 大貴,O8eJi@sample.jp,Bgdqqhk5,944-1767,45
岸田 桜,fAfcgVK@example.com,NCgDyt_9,261-7313,34
湯沢 澄子,hBCMk5@example.jp,f6mG8BGf,045-0773,17
小貫 正広,aY9yO9@sample.jp,BA9E3IbI,705-8931,05
能勢 好子,KUkSm0sp@test.com,rTZ5Lg58,573-1668,41
大井 涼香,YQxcyovgG@sample.co.jp,xgGIXlsB,929-5460,37
桑山 由夫,Ge4sw64Cx@test.org,Ig_XMHti,404-0342,36
板倉 亜沙美,YtlxGZb@sample.com,XuMVqruA,926-5864,25
荒 真悠,vZl09KX@test.com,l1s4bAV9,385-5935,10
沢野 孝志,tHYVJJwuFk@sample.net,A3GwbEMN,056-4427,44
水野 夕菜,XH3MFl@sample.com,Y7EB2Yku,701-5680,07
土谷 晴美,TCS0pzG@test.net,kR2AoVPh,321-6898,04
赤沢 光正,xJXQolvK@test.org,iDtD5XrP,961-0979,17
新谷 末治,qXC8KDtC@example.jp,dX4gblbZ,285-0408,30
梶田 国男,Y8Yggxf@sample.com,rpOut9t4,966-6264,38
板倉 晴臣,fev6_l@sample.org,ltuLuKVK,547-3427,36
二村 茂雄,ldhMcMJfh1@test.jp,SNT78BGI,351-3582,46
越智 清一,RdGWg9L@example.co.jp,rvxtpx9u,686-9397,09
菅田 樹,ERRiBqOx1r@sample.co.jp,kOUfci9A,868-6699,36
神戸 花菜,vnIdyUf@test.com,RyXZAIJ9,860-4016,20
武智 怜奈,jFNzQ@test.co.jp,bt_h_5Ys,923-8423,24
須貝 健次郎,Tj6LX_@example.co.jp,QupQyUkT,162-9627,28
大上 庄一,XGK_bBrAb@test.org,oO2ym0C4,403-3098,39
綾部 大輝,btKCnfRE@example.co.jp,tZggwZN8,080-0714,37
河辺 昌,OLGCbZI@example.co.jp,arjTOc7K,829-5608,42
谷口 遥菜,kp6I9MK5lj@test.co.jp,mjFuV6_V,866-6064,21
秋元 菫,JIwaSB@test.net,pgJGMHGP,533-0539,41
西野 建司,smICTD@example.org,aY2vb7DD,800-0247,12
丹下 芳久,PNTp2bauj@example.net,BbK38mm5,667-3195,13
三田村 達徳,U1xG34@test.net,hpmg3RZv,049-8333,41
田部井 一宏,njI1XuZ@test.jp,e771sRKi,012-8988,30
金谷 幹夫,dyhfdbx83e@example.net,OIdw57Qy,481-8343,23
安永 昌,bIzOoo@example.net,pt2QDUC_,432-7096,03
生田 亜紀,YP_tqwuP@example.com,iEZReKsf,530-8912,09
藤澤 沙也佳,Ya7BOK@sample.net,DOA_WNim,782-6096,20
亀井 伊都子,f8HHx_KC@test.jp,aw7m353r,091-8672,32
奥本 庄一,LWbcm@example.com,lXoavzq6,779-6547,22
平良 麻友,Furkjatypl@sample.net,GCeItvMp,558-2023,24
大村 雅雄,VfWnPOT3g@sample.com,Kd5KTGY4,301-7232,09
藤岡 創,IYkGOxsNq@test.com,x_odF_Iu,334-5245,30
守谷 比呂,GxfnT7b56@example.jp,SBxJ7taP,470-6862,25
布施 雅江,q1UJroX1@sample.net,pgLOgxLA,390-3519,19
千田 陽一,hY3h4bHhc@sample.com,AUShJHmo,587-3235,20
村川 正次郎,Fy1Gz3pd3@test.net,Lg0B0vkM,347-9914,21
三枝 沙弥,nF9cyEiyr7@test.org,kQlKnobb,867-1225,12
古市 栄美,OuuvDTzYAI@example.co.jp,rb4ROR9B,296-8334,21
戸谷 剛,t5T124L@example.jp,lR49vpSm,859-3830,35
谷中 真吉,yxgzAV8@example.org,TkHXFW0e,088-3372,31
相原 千夏,Lo7FxgRckE@example.jp,bgOlEKlf,674-5794,28
津島 俊文,LolHVstOI@sample.org,uRjz3dDx,329-3905,03
大沼 茂行,wJjDA1@test.jp,lfZAl245,905-6735,09
大下 政子,hNxvQKS@test.jp,hAXU5srS,569-6948,47
吉成 竹男,yno7B34@test.jp,hQqgDWpM,123-0214,01
松村 義孝,DLn8Txhz@test.co.jp,MMVC4mxQ,908-6170,25
渕上 哲美,h86dG@example.net,CDy4mPc2,221-4471,02
川口 利郎,agT9UNtM@example.org,C9fI4kUy,776-8559,46
影山 凛香,JXIMT@sample.co.jp,diQOhDZ4,339-8381,39
岩本 明日香,vEJ4daVjJ@sample.co.jp,tRmVWKuC,792-0162,21
神山 淳一,F5Z_6m_1oh@test.com,N9MTJ9WX,175-1858,11
若狭 小枝子,dNU4JU@example.com,VHtLOnC6,195-4510,47
松宮 正徳,IpMNGBcEX5@test.net,AWO_f8K8,870-9106,25
梅津 香音,PnCK1ih5z@example.com,FRES1XRQ,404-2309,07
内堀 正彦,rsALJT@example.net,NP48PYS7,319-0030,30
小室 昌宏,tE4TadXg_Z@test.co.jp,oUYyf9Xx,753-5333,41
浅利 君子,px9sHK@example.co.jp,R38BFfQu,252-0188,26
川越 幸也,TKf9TK6kp@sample.jp,hZosWwfo,706-8108,39
馬渕 菜穂,W6Zrf@example.com,SPW8DsTo,295-1543,24
川口 孝太郎,r5nxf@example.co.jp,GiOHdVvN,425-9063,07
横川 飛鳥,x_sYH@test.jp,gaAivPwf,465-2933,05
澤田 菫,Lpw9kFD@test.jp,A_eU6ULw,418-9304,39
川名 数子,jWT8d7Jls@example.net,Yh05poK2,973-0934,30
堀田 直也,YPip1KbRWq@sample.org,emO2BWPq,967-3729,19
